Files,V,E,BFS(s),DFS(s),UFA Rank(s),UFA Size(s)
1,348,2866,0.0008,0.0008,0.0021,0.0021
2,1390,30654,0.0059,0.0060,0.0200,0.0202
3,2167,45414,0.0098,0.0092,0.0313,0.0306
4,2916,76190,0.0155,0.0156,0.0577,0.0562
5,3463,81550,0.0177,0.0179,0.0581,0.0575
6,3670,84875,0.0184,0.0180,0.0639,0.0593
7,3730,85080,0.0197,0.0179,0.0594,0.0596
8,3833,86243,0.0183,0.0190,0.0615,0.0597
9,4003,88069,0.0199,0.0185,0.0618,0.0602
10,4039,88234,0.0194,0.0192,0.0646,0.0648
